id,stakeholder,formulation_type,nl_norm,logic_formula
MINISTRY001,Food Ministry,dyadic_prohibition,Children must not receive energy drink recommendations when the drink exceeds sugar limits,"∀x.F(recommend(System,EnergyDrink)|child(x)∧exceedsSugarLimit(EnergyDrink))"
MINISTRY002,Food Ministry,dyadic_obligation,Diabetic users must receive low sugar food recommendations when the food is safe for diabetic users,"∀x.O(recommend(System,LowSugarFood)|diabetic(x)∧safeForDiabeticUsers(LowSugarFood))"
MINISTRY003,Food Ministry,dyadic_permission,Adults may receive approved food recommendations when the food complies with guidelines,"∀x.P(recommend(System,ApprovedFood)|adult(x)∧compliesWithGuideline(ApprovedFood))"
MINISTRY004,Food Ministry,implication_prohibition,Users allergic to nuts must not receive nut snacks containing undeclared allergens,"∀x.allergicTo(x,Nuts)∧containsUndeclaredAllergen(NutSnack)->F(recommend(System,NutSnack))"
MINISTRY005,Food Ministry,implication_obligation,Hypertensive users must receive low salt food recommendations,"∀x.hypertensive(x)->O(recommend(System,LowSaltFood))"
MINISTRY006,Food Ministry,simple_permission,The system may recommend ministry approved food,"∀x.P(recommend(System,ApprovedFood))"
MINISTRY007,Food Ministry,simple_obligation,The system must recommend foods with nutrition labels,∀x.O(hasNutritionLabel(ApprovedFood))
MINISTRY008,Food Ministry,simple_prohibition,The system must not recommend restricted food,"∀x.F(recommend(System,RestrictedFood))"
MINISTRY009,Food Ministry,dyadic_prohibition,Children must not receive foods banned for children,"∀x.F(recommend(System,EnergyDrink)|child(x)∧bannedForChildren(EnergyDrink))"
MINISTRY010,Food Ministry,dyadic_obligation,Pregnant users must receive safe healthy meal recommendations,"∀x.O(recommend(System,HealthyMeal)|pregnant(x)∧safeForPregnantUsers(HealthyMeal))"
MINISTRY011,Food Ministry,dyadic_permission,Elderly users may receive healthy meals when the meal complies with guidelines,"∀x.P(recommend(System,HealthyMeal)|elderly(x)∧compliesWithGuideline(HealthyMeal))"
MINISTRY012,Food Ministry,implication_prohibition,Pregnant users must not receive foods without required safety warnings,"∀x.pregnant(x)∧requiresWarning(WarningFood)->F(recommend(System,WarningFood))"
MINISTRY013,Food Ministry,implication_obligation,Vulnerable users must receive healthy meal recommendations,"∀x.vulnerableUser(x)->O(recommend(System,HealthyMeal))"
MINISTRY014,Food Ministry,implication_permission,Adults may receive approved foods that have nutrition labels,"∀x.adult(x)∧hasNutritionLabel(ApprovedFood)->P(recommend(System,ApprovedFood))"
MINISTRY015,Food Ministry,dyadic_prohibition,Diabetic users must not receive sugary snacks exceeding sugar limits,"∀x.F(recommend(System,SugarySnack)|diabetic(x)∧exceedsSugarLimit(SugarySnack))"
MINISTRY016,Food Ministry,dyadic_obligation,Children must receive healthy alternatives when sugary snacks exceed sugar limits,"∀x.O(recommend(System,HealthyMeal)|child(x)∧exceedsSugarLimit(SugarySnack))"
MINISTRY017,Food Ministry,dyadic_permission,Approved foods may be recommended when they are ministry approved,"∀x.P(recommend(System,ApprovedFood)|approvedByMinistry(ApprovedFood))"
MINISTRY018,Food Ministry,implication_prohibition,Foods with misleading organic claims must not be recommended,"∀x.misleadingClaim(OrganicFood)->F(recommend(System,OrganicFood))"
MINISTRY019,Food Ministry,implication_obligation,Users requiring halal food must receive verified halal meal recommendations,"∀x.requiresHalal(x)∧verifiedHalal(HalalMeal)->O(recommend(System,HalalMeal))"
MINISTRY020,Food Ministry,implication_permission,Users requiring kosher food may receive verified kosher meal recommendations,"∀x.requiresKosher(x)∧verifiedKosher(KosherMeal)->P(recommend(System,KosherMeal))"
MINISTRY021,Food Ministry,dyadic_prohibition,Users requiring halal food must not receive unverified halal meals,"∀x.F(recommend(System,HalalMeal)|requiresHalal(x)∧¬verifiedHalal(HalalMeal))"
MINISTRY022,Food Ministry,dyadic_prohibition,Users requiring kosher food must not receive unverified kosher meals,"∀x.F(recommend(System,KosherMeal)|requiresKosher(x)∧¬verifiedKosher(KosherMeal))"
MINISTRY023,Food Ministry,dyadic_obligation,Gluten sensitive users must receive certified gluten free meal recommendations,"∀x.O(recommend(System,GlutenFreeMeal)|glutenSensitive(x)∧certifiedGlutenFree(GlutenFreeMeal))"
MINISTRY024,Food Ministry,dyadic_obligation,Lactose intolerant users must receive certified lactose free meal recommendations,"∀x.O(recommend(System,LactoseFreeMeal)|lactoseIntolerant(x)∧certifiedLactoseFree(LactoseFreeMeal))"
MINISTRY025,Food Ministry,implication_prohibition,Users requiring gluten free food must not receive uncertified gluten free meals,"∀x.requiresGlutenFree(x)∧¬certifiedGlutenFree(GlutenFreeMeal)->F(recommend(System,GlutenFreeMeal))"
MINISTRY026,Food Ministry,implication_prohibition,Users requiring lactose free food must not receive uncertified lactose free meals,"∀x.requiresLactoseFree(x)∧¬certifiedLactoseFree(LactoseFreeMeal)->F(recommend(System,LactoseFreeMeal))"
MINISTRY027,Food Ministry,simple_obligation,The system must preserve access to affordable healthy meals,"∀x.O(recommend(System,AffordableMeal))"
MINISTRY028,Food Ministry,simple_permission,The system may recommend foods that comply with ministry guidelines,∀x.P(compliesWithGuideline(ApprovedFood))
MINISTRY029,Food Ministry,simple_prohibition,The system must not recommend foods with misleading claims,∀x.F(misleadingClaim(OrganicFood))
MINISTRY030,Food Ministry,dyadic_prohibition,Users allergic to shellfish must not receive shellfish meals containing undeclared allergens,"∀x.F(recommend(System,ShellfishMeal)|allergicTo(x,Shellfish)∧containsUndeclaredAllergen(ShellfishMeal))"
MINISTRY031,Food Ministry,dyadic_obligation,Allergic users must receive foods with nutrition labels and allergen information,"∀x.O(hasNutritionLabel(ApprovedFood)|allergicTo(x,Nuts)∨allergicTo(x,Shellfish))"
MINISTRY032,Food Ministry,dyadic_permission,Healthy meals may be recommended to vulnerable users when guideline compliant,"∀x.P(recommend(System,HealthyMeal)|vulnerableUser(x)∧compliesWithGuideline(HealthyMeal))"
MINISTRY033,Food Ministry,implication_prohibition,Foods exceeding salt limits must not be recommended to hypertensive users,"∀x.hypertensive(x)∧exceedsSaltLimit(SaltySnack)->F(recommend(System,SaltySnack))"
MINISTRY034,Food Ministry,implication_obligation,Hypertensive users must receive foods that do not exceed salt limits,"∀x.hypertensive(x)∧¬exceedsSaltLimit(LowSaltFood)->O(recommend(System,LowSaltFood))"
MINISTRY035,Food Ministry,implication_permission,Adults may receive salty snacks only when the snack does not exceed salt limits,"∀x.adult(x)∧¬exceedsSaltLimit(SaltySnack)->P(recommend(System,SaltySnack))"
MINISTRY036,Food Ministry,dyadic_prohibition,Elderly users must not receive fried meals exceeding fat limits,"∀x.F(recommend(System,FriedMeal)|elderly(x)∧exceedsFatLimit(FriedMeal))"
MINISTRY037,Food Ministry,dyadic_obligation,Elderly users must receive healthy meals when fried meals exceed fat limits,"∀x.O(recommend(System,HealthyMeal)|elderly(x)∧exceedsFatLimit(FriedMeal))"
MINISTRY038,Food Ministry,dyadic_permission,Low sugar food may be recommended to diabetic users when approved by the ministry,"∀x.P(recommend(System,LowSugarFood)|diabetic(x)∧approvedByMinistry(ApprovedFood))"
MINISTRY039,Food Ministry,implication_prohibition,Restricted foods must not be recommended to children,"∀x.child(x)∧restricted(RestrictedFood)->F(recommend(System,RestrictedFood))"
MINISTRY040,Food Ministry,implication_obligation,Children must receive approved healthy meal recommendations,"∀x.child(x)∧approvedByMinistry(ApprovedFood)->O(recommend(System,HealthyMeal))"
MINISTRY041,Food Ministry,implication_permission,Adults may receive warning foods when safety warnings are present,"∀x.adult(x)∧hasSafetyWarning(EnergyDrink)->P(recommend(System,EnergyDrink))"
MINISTRY042,Food Ministry,simple_obligation,The system must use safety warnings for energy drinks,∀x.O(hasSafetyWarning(EnergyDrink))
MINISTRY043,Food Ministry,simple_permission,The system may recommend healthy meals,"∀x.P(recommend(System,HealthyMeal))"
MINISTRY044,Food Ministry,simple_prohibition,The system must not ignore required warnings,∀x.F(¬requiresWarning(EnergyDrink))
MINISTRY045,Food Ministry,dyadic_prohibition,Pregnant users must not receive energy drinks requiring warnings,"∀x.F(recommend(System,EnergyDrink)|pregnant(x)∧requiresWarning(EnergyDrink))"
MINISTRY046,Food Ministry,dyadic_obligation,Pregnant users must receive approved meals safe for pregnant users,"∀x.O(recommend(System,HealthyMeal)|pregnant(x)∧safeForPregnantUsers(HealthyMeal)∧approvedByMinistry(ApprovedFood))"
MINISTRY047,Food Ministry,dyadic_permission,Pregnant users may receive approved healthy meals,"∀x.P(recommend(System,HealthyMeal)|pregnant(x)∧approvedByMinistry(ApprovedFood))"
MINISTRY048,Food Ministry,implication_prohibition,Foods containing nuts must not be recommended to nut allergic users,"∀x.allergicTo(x,Nuts)∧contains(NutSnack,Nuts)->F(recommend(System,NutSnack))"
MINISTRY049,Food Ministry,implication_prohibition,Foods containing shellfish must not be recommended to shellfish allergic users,"∀x.allergicTo(x,Shellfish)∧contains(ShellfishMeal,Shellfish)->F(recommend(System,ShellfishMeal))"
MINISTRY050,Food Ministry,implication_obligation,Allergic users must receive approved alternatives,"∀x.allergicTo(x,Nuts)∨allergicTo(x,Shellfish)->O(recommend(System,ApprovedFood))"
MINISTRY051,Food Ministry,dyadic_obligation,Diabetic users must receive approved low sugar alternatives when sugary snacks exceed limits,"∀x.O(recommend(System,LowSugarFood)|diabetic(x)∧exceedsSugarLimit(SugarySnack))"
MINISTRY052,Food Ministry,dyadic_permission,Affordable meals may be recommended when they support healthy access,"∀x.P(recommend(System,AffordableMeal)|affordable(AffordableMeal)∧healthy(HealthyMeal))"
MINISTRY053,Food Ministry,dyadic_prohibition,Organic foods with misleading claims must not be recommended,"∀x.F(recommend(System,OrganicFood)|misleadingClaim(OrganicFood))"
MINISTRY054,Food Ministry,implication_obligation,Foods with required warnings must display safety warnings,∀x.requiresWarning(EnergyDrink)->O(hasSafetyWarning(EnergyDrink))
MINISTRY055,Food Ministry,implication_permission,Guideline compliant affordable meals may be recommended to vulnerable users,"∀x.vulnerableUser(x)∧compliesWithGuideline(ApprovedFood)->P(recommend(System,AffordableMeal))"
MINISTRY056,Food Ministry,implication_prohibition,Foods lacking nutrition labels must not be recommended as approved food,"∀x.¬hasNutritionLabel(ApprovedFood)->F(recommend(System,ApprovedFood))"
MINISTRY057,Food Ministry,simple_obligation,The system must recommend low sugar food as a diabetic safe option,∀x.O(safeForDiabeticUsers(LowSugarFood))
MINISTRY058,Food Ministry,simple_permission,The system may recommend low salt food,"∀x.P(recommend(System,LowSaltFood))"
MINISTRY059,Food Ministry,simple_prohibition,The system must not recommend food banned for children,∀x.F(bannedForChildren(EnergyDrink))
MINISTRY060,Food Ministry,dyadic_obligation,Children must receive affordable healthy food when available as a public access safeguard,"∀x.O(recommend(System,AffordableMeal)|child(x)∧affordable(AffordableMeal))"
MINISTRY061,Food Ministry,dyadic_permission,Adults may receive sustainable meals when sustainability claims are not misleading,"∀x.P(recommend(System,SustainableMeal)|adult(x)∧¬misleadingClaim(SustainableMeal))"
MINISTRY062,Food Ministry,dyadic_prohibition,Sustainable meals with misleading claims must not be recommended,"∀x.F(recommend(System,SustainableMeal)|misleadingClaim(SustainableMeal))"
MINISTRY063,Food Ministry,implication_obligation,Users requiring halal food must receive only verified halal recommendations,∀x.requiresHalal(x)->O(verifiedHalal(HalalMeal))
MINISTRY064,Food Ministry,implication_obligation,Users requiring kosher food must receive only verified kosher recommendations,∀x.requiresKosher(x)->O(verifiedKosher(KosherMeal))
MINISTRY065,Food Ministry,implication_permission,Verified halal meals may be recommended to users requiring halal food,"∀x.requiresHalal(x)∧verifiedHalal(HalalMeal)->P(recommend(System,HalalMeal))"
MINISTRY066,Food Ministry,dyadic_permission,Verified kosher meals may be recommended to users requiring kosher food,"∀x.P(recommend(System,KosherMeal)|requiresKosher(x)∧verifiedKosher(KosherMeal))"
MINISTRY067,Food Ministry,dyadic_prohibition,Uncertified gluten free meals must not be recommended to gluten sensitive users,"∀x.F(recommend(System,GlutenFreeMeal)|glutenSensitive(x)∧¬certifiedGlutenFree(GlutenFreeMeal))"
MINISTRY068,Food Ministry,dyadic_prohibition,Uncertified lactose free meals must not be recommended to lactose intolerant users,"∀x.F(recommend(System,LactoseFreeMeal)|lactoseIntolerant(x)∧¬certifiedLactoseFree(LactoseFreeMeal))"
MINISTRY069,Food Ministry,implication_obligation,Gluten sensitive users must receive certified gluten free meals,"∀x.glutenSensitive(x)->O(recommend(System,GlutenFreeMeal))"
MINISTRY070,Food Ministry,implication_permission,Lactose intolerant users may receive certified lactose free meals,"∀x.lactoseIntolerant(x)∧certifiedLactoseFree(LactoseFreeMeal)->P(recommend(System,LactoseFreeMeal))"
MINISTRY071,Food Ministry,implication_prohibition,Children or vulnerable users must not receive energy drinks exceeding sugar limits,"∀x.child(x)∨vulnerableUser(x)->F(recommend(System,EnergyDrink))"
MINISTRY072,Food Ministry,simple_obligation,The system must enforce ministry approval for approved foods,∀x.O(approvedByMinistry(ApprovedFood))
MINISTRY073,Food Ministry,simple_permission,The system may recommend affordable meals,"∀x.P(recommend(System,AffordableMeal))"
MINISTRY074,Food Ministry,simple_prohibition,The system must not recommend foods exceeding sugar limits,∀x.F(exceedsSugarLimit(SugarySnack))
MINISTRY075,Food Ministry,dyadic_obligation,Vulnerable users must receive low salt food when salt limits are relevant,"∀x.O(recommend(System,LowSaltFood)|vulnerableUser(x)∧exceedsSaltLimit(SaltySnack))"
MINISTRY076,Food Ministry,dyadic_permission,Healthy meals may be recommended to adults and elderly users,"∀x.P(recommend(System,HealthyMeal)|adult(x)∨elderly(x))"
MINISTRY077,Food Ministry,dyadic_prohibition,Fried meals exceeding fat limits must not be recommended to vulnerable users,"∀x.F(recommend(System,FriedMeal)|vulnerableUser(x)∧exceedsFatLimit(FriedMeal))"
MINISTRY078,Food Ministry,implication_obligation,Foods with undeclared allergens must trigger prohibition of recommendation,"∀x.containsUndeclaredAllergen(NutSnack)->O(F(recommend(System,NutSnack)))"
MINISTRY079,Food Ministry,implication_permission,Adults may receive warning foods when required safety warnings are shown,"∀x.adult(x)∧hasSafetyWarning(EnergyDrink)->P(recommend(System,WarningFood))"
MINISTRY080,Food Ministry,implication_prohibition,Pregnant users or children must not receive warning foods,"∀x.pregnant(x)∨child(x)->F(recommend(System,WarningFood))"
MINISTRY081,Food Ministry,dyadic_obligation,Users with religious diet requirements must receive verified religious diet meals,"∀x.O(recommend(System,HalalMeal)|requiresHalal(x)∧verifiedHalal(HalalMeal))"
MINISTRY082,Food Ministry,dyadic_permission,Users with kosher requirements may receive verified kosher meals with nutrition labels,"∀x.P(recommend(System,KosherMeal)|requiresKosher(x)∧verifiedKosher(KosherMeal)∧hasNutritionLabel(ApprovedFood))"
MINISTRY083,Food Ministry,dyadic_prohibition,Meals with misleading halal verification must not be recommended,"∀x.F(recommend(System,HalalMeal)|requiresHalal(x)∧misleadingClaim(HalalMeal))"
MINISTRY084,Food Ministry,implication_obligation,Medical dietary requirements must be accommodated with certified meals,"∀x.requiresGlutenFree(x)∨requiresLactoseFree(x)->O(recommend(System,GlutenFreeMeal))"
MINISTRY085,Food Ministry,implication_permission,Certified gluten free meals may be recommended to users requiring gluten free food,"∀x.requiresGlutenFree(x)∧certifiedGlutenFree(GlutenFreeMeal)->P(recommend(System,GlutenFreeMeal))"
MINISTRY086,Food Ministry,implication_prohibition,Lactose intolerant users must not receive uncertified lactose free claims,"∀x.lactoseIntolerant(x)∧misleadingClaim(LactoseFreeMeal)->F(recommend(System,LactoseFreeMeal))"
MINISTRY087,Food Ministry,simple_obligation,The system must respect allergen disclosure,"∀x.O(contains(NutSnack,Nuts))"
MINISTRY088,Food Ministry,simple_permission,The system may recommend certified gluten free meals,"∀x.P(recommend(System,GlutenFreeMeal))"
MINISTRY089,Food Ministry,simple_prohibition,The system must not recommend foods with undeclared allergens,∀x.F(containsUndeclaredAllergen(NutSnack))
MINISTRY090,Food Ministry,dyadic_obligation,Users with diabetic risk must receive low sugar recommendations when sugar limits are exceeded,"∀x.O(recommend(System,LowSugarFood)|diabetic(x)∧exceedsSugarLimit(EnergyDrink))"
MINISTRY091,Food Ministry,dyadic_permission,Low salt food may be recommended to elderly users when guideline compliant,"∀x.P(recommend(System,LowSaltFood)|elderly(x)∧compliesWithGuideline(ApprovedFood))"
MINISTRY092,Food Ministry,dyadic_prohibition,Restricted foods must not be recommended to vulnerable users,"∀x.F(recommend(System,RestrictedFood)|vulnerableUser(x)∧restricted(RestrictedFood))"
MINISTRY093,Food Ministry,implication_obligation,Affordable healthy access must be provided to children,"∀x.child(x)->O(recommend(System,AffordableMeal))"
MINISTRY094,Food Ministry,implication_permission,Affordable meals may be recommended when they are healthy,"∀x.affordable(AffordableMeal)∧healthy(HealthyMeal)->P(recommend(System,AffordableMeal))"
MINISTRY095,Food Ministry,implication_prohibition,Foods with misleading sustainability claims must not be recommended,"∀x.misleadingClaim(SustainableMeal)->F(recommend(System,SustainableMeal))"
MINISTRY096,Food Ministry,dyadic_obligation,Adults with hypertension must receive low salt recommendations,"∀x.O(recommend(System,LowSaltFood)|adult(x)∧hypertensive(x))"
MINISTRY097,Food Ministry,dyadic_permission,Approved warning foods may be recommended to adults when warnings are present,"∀x.P(recommend(System,WarningFood)|adult(x)∧hasSafetyWarning(EnergyDrink))"
MINISTRY098,Food Ministry,dyadic_prohibition,Energy drinks must not be recommended when warnings are absent,"∀x.F(recommend(System,EnergyDrink)|requiresWarning(EnergyDrink)∧¬hasSafetyWarning(EnergyDrink))"
MINISTRY099,Food Ministry,implication_obligation,Approved foods must comply with guidelines,∀x.approvedByMinistry(ApprovedFood)->O(compliesWithGuideline(ApprovedFood))
MINISTRY100,Food Ministry,implication_permission,Healthy approved meals may be recommended to all users,"∀x.healthy(HealthyMeal)∧approvedByMinistry(ApprovedFood)->P(recommend(System,HealthyMeal))"
